brand,isStocked,matchCount,matchedBrand,error
BJs Full-Size Jeep Parts,false,0,,
Airbag Team,false,0,,
The Dashcam Store,false,0,,
Tutublue,false,0,,
Kaotica,false,0,,
Corkie Bolton Jewelry,false,0,,
The Garden,false,0,,
Musket Powder Seasonings,false,0,,
Book Soup,false,0,,
CR RanchWear,false,0,,
Jaemor Farms,false,0,,
CarCapsule,false,0,,
Toner Cartridge Depot,false,0,,
MediaShop,false,0,,
Day-Timer,false,0,,
Eletriclife,false,0,,
Envy Bathrooms Limited,false,0,,
Steel City Salt Company,false,0,,
Bigger Picture Recordings,false,0,,
Central Perk Coffee,false,0,,
Vape UK,false,0,,
LogoUp,false,0,,
TallyCounterStore.com,false,0,,
Stars and Sprinkles Store,false,0,,
Hachem,false,0,,
Gray and Hound,false,0,,
Shiffon Co.,false,0,,
SideOneDummy Records,false,0,,
CTC Health,false,0,,
BestPysanky,false,0,,
Heaven Can Wait,false,0,,
BonsaiStore.co,false,0,,
Honey B's Macarons,false,0,,
Little Ones,false,0,,
CVA Products,false,0,,
3BRAND,false,0,,
1XBLUE,false,0,,
Zach & Zoe Sweet Bee Farm,false,0,,
Velgen Wheels,false,0,,
Isabel Bayonas,false,0,,
Declaration Grooming,false,0,,
Mayfair Stockings,false,0,,
Crumble Crate,false,0,,
Chibi Servin,false,0,,
Vivian Ferne,false,0,,
Tudo And Co,false,0,,
KACHEL,false,0,,
Shorty's Inc.,false,0,,
Talliah Rose,false,0,,
The Mountain Project,false,0,,
SKN By Lori Harvey,false,0,,
KBSPETS,false,0,,
MYB Supps,false,0,,
Outlawed Ethics,false,0,,
Eternal Roses,false,0,,
Slay Ready Cosmetics,false,0,,
Avid Darts,false,0,,
Kate Gabrielle,false,0,,
Lady White,false,0,,
ProjectCapri,false,0,,
Black Beverly Hills,false,0,,
Flooring Xtra NZ,false,0,,
The Headhunter Spearfishing Co.,false,0,,
"Bensussen Deutsch & Associates, L.L.C. (BDA)",false,0,,
Locanto‚Ñ¢ United States,false,0,,
Tony Ferguson Weight Loss,false,0,,
HealthVape,false,0,,
Childress Wines,false,0,,
Wee Forest,false,0,,
DVS LED Systems,false,0,,
Lumenier,false,0,,
Le Cartel,false,0,,
By The Sword Inc,false,0,,
Bethan Gray Design,false,0,,
Pr√ºvit,false,0,,
1HUND,false,0,,
GUL Watersports,false,0,,
Boston Terrier World,false,0,,
Canada Pet Care,false,0,,
Teewing,false,0,,
Anemone Interiors,false,0,,
American Decay,false,0,,
Rob Luna,false,0,,
Where The Ribbon Ends,false,0,,
Kinki,false,0,,
VitaminLife,false,0,,
One Stop Rave,false,0,,
Kent Rollins BBQ Sauce,false,0,,
The Antidotes,false,0,,
Ben's Fragrances,false,0,,
Crystal Hills Organics,false,0,,
DIA Studios,false,0,,
Save-On-Crafts,false,0,,
Gardenia,false,0,,
Sweet Sweat,false,0,,
Spierre,false,0,,
Intazza Coffee,false,0,,
Ferrari Parts Exchange,false,0,,
Hooked on Pickin',false,0,,
FERIDIES,false,0,,
Ninja Patches,false,0,,
Jolie Noire,false,0,,
John Muir Laws,false,0,,
Daily Haute,false,0,,
Love Letters,false,0,,
Artisan Born,false,0,,
Envirofone,false,0,,
Clean Burnn,false,0,,
Smile Therapy,false,0,,
D. Marie Interiors,false,0,,
Gossby,false,0,,
GOELIA,false,0,,
Dynamic Conveyor,false,0,,
Green Front Furniture,false,0,,
LA COMET,false,0,,
MemoryStitch,false,0,,
Joie,true,30,Joie,
North Shore Sauna,false,0,,
Spirithalloween.com,false,0,,
Rustler Hat,false,0,,
Pa'lante Packs,false,0,,
Witchy Vintage,true,4,Vintage,
Perfume Clearance Centre,false,0,,
Micador,false,0,,
StayLit Design,false,0,,
Paisley & Sparrow,false,0,,
Just Art Pottery,false,0,,
Lark Ellen Farm,false,0,,
INXS,false,0,,
TOYOTA GAZOO Racing Store,false,0,,
LR Centre,false,0,,
Jacoje,false,0,,
Mo.Na. Gems,false,0,,
Livernois Motorsports & Engineering,false,0,,
Fogatti Living,false,0,,
Baked Bags,false,0,,
Lifetherapy,false,0,,
Ever,false,0,,
Malosi Studio,false,0,,
The French Pharmacy,false,0,,
GASPER,false,0,,
RIDE Snowboards,false,0,,
Dandelion Teahouse and Apothecary,false,0,,
Hamm's Shop,false,0,,
Nature's Body,false,0,,
Roue Watch,false,0,,
Rock Canyon Coffee,false,0,,
Evapo,false,0,,
Neat,false,0,,
Moon Body Soul,false,0,,
OxyFlow,false,0,,
The Well Theory,false,0,,
kumarahyoga.com,false,0,,
British Retro,false,0,,
Metziahs,false,0,,
Black Star Opal,false,0,,
Erin Stutland,false,0,,
Lone Goose Bakery,false,0,,
Retro and Groovy,false,0,,
Lee Nail Shop,false,0,,
Hobbies Direct,false,0,,
Forest City Stained Glass,false,0,,
Derschutze,false,0,,
Big Girls Don't Cry (Anymore),false,0,,
Roxanne First,false,0,,
Halter Ranch,false,0,,
Kydex Customs,false,0,,
Starry Mart,false,0,,
Adventure Sports USA,false,0,,
Nomad Wheels,false,0,,
Soul Runner,false,0,,
Numskull,false,0,,
Anna Bey,false,0,,
Ryker Clothing Co,false,0,,
Dark Art Movement,false,0,,
Emmaline Bags Inc.,false,0,,
OSKA,false,0,,
Little Yogi Company,false,0,,
The Organised Housewife,false,0,,
Nadula Hair,false,0,,
Terry Town RV,false,0,,
Tiesta Tea,true,16,Tiesta Tea,
Echoz Crystals,false,0,,
Omni,false,0,,
Reliked,false,0,,
Boardshop,false,0,,
Belmont Books,false,0,,
Trivantage,false,0,,
Washed Media,false,0,,
LoveScotch,false,0,,
Lucas Gift,true,2,Lucas,
Way of Wade,false,0,,
Sun Buddies Eyewear,false,0,,
The Graphics Creator Online,false,0,,
Uncle Bekah‚Äôs Inappropriate Trucker Hats,false,0,,
Deft Family,false,0,,
PetCareClub.com,false,0,,
Lash Fridays,false,0,,
Perfect Surfaces,false,0,,
STACKSWRLD,false,0,,
Workshop 12,false,0,,
Harold's Photo,false,0,,
DOG iD,false,0,,
T-Nutrition,true,1,Quest Nutrition,
Hills Pet Shop,false,0,,
DevilNight,false,0,,
Discount Golf Store,false,0,,
Macfixit Australia,false,0,,
EZ Lite Cruiser,false,0,,
Hustle Butter,false,0,,
Bandwerk,false,0,,
Timberwolf Tools,false,0,,
Omolewa Cosmetics,false,0,,
DIY Carbon Bikes,false,0,,
Laid Back,false,0,,
Revivo,false,0,,
Hoover,true,17,Hoover,
World of Wool,false,0,,
Lira Clinical,false,0,,
Sisal Carpet,false,0,,
Shop Tate & Ry,false,0,,
JDM Legends,false,0,,
Techtonics Tuning,false,0,,
Traynor Furnishings,false,0,,
Vanderpump Wines,false,0,,
Santa Barbara Chocolate,false,0,,
Renee Rose,false,0,,
Pool Fence DIY,false,0,,
Mammashop,false,0,,
THE XIII CO,false,0,,
Overland Addict,false,0,,
The Perfumer's Story by Azzi,false,0,,
Kill Crew,false,0,,
Duhome Furniture,false,0,,
NVS Pharmacy,false,0,,
Barbour,true,24,Barbour Publishing,
Shasta Pool Supply,false,0,,
Crofter's,true,2,Crofter's Organic,
Volition,false,0,,
UBR,false,0,,
Miche,false,0,,
ChopValue,false,0,,
Mountain Warehouse,false,0,,
Rw&Co,false,0,,
Alpha Prime,false,0,,
Billet Atomizer Injectors,false,0,,
Dover Street Market,false,0,,
Jerry Cantrell,false,0,,
Halfdays,false,0,,
Rock Island Auction,false,0,,
Stateside,false,0,,
La Monarca,true,2,La Monarca Bakery,
Wandrd,false,0,,
Wasted Heroes,false,0,,
VitalSource,false,0,,
David Kordansky,false,0,,
Derwent,false,0,,
Tala,false,0,,
Rosehill Wine Cellars,false,0,,
PalmBeach Jewelry,false,0,,
Queen Victoria Market,false,0,,
Everything But Water,false,0,,
WeightWatchers,true,2,Weight Watchers,
Keepsake Quilting,false,0,,
Samuel Smith's Brewery,false,0,,
VPZ,false,0,,
High Top Capes Inc.,false,0,,
Foxtume,false,0,,
The Prenatal Nutritionist,false,0,,
Laura Park,false,0,,
Chaos Cards,false,0,,
Felix Roasting,false,0,,
Heavys,false,0,,
Vue,true,15,Vue,
Lulujo,false,0,,
Boudin Bakery,false,0,,
Bombay Electronics,false,0,,
Qiviuk,false,0,,
Safiyaa,false,0,,
Porcelain Superstore,false,0,,
Legacy,false,0,,
HungerRush,false,0,,
Ozone Coffee,false,0,,
Fluus,false,0,,
Ninestars,false,0,,
Pott'd,false,0,,
Stan Shoes,false,0,,
Cowboy Hardware,false,0,,
ATG,false,0,,
Silhouette,true,20,Depend Silhouette,
Rafaella,false,0,,
Resincoat,false,0,,
Portraits of Saints,false,0,,
Maison Louis Marie,false,0,,
Simone Rocha,false,0,,
Hatch,true,11,Hatch,
FastSpring,false,0,,
Doll Beauty,false,0,,
Tea Collection,false,0,,
Ambra,false,0,,
TOV Furniture,true,24,TOV Furniture,
Leg Avenue,true,24,Leg Avenue,
Anley Flags,false,0,,
Nicki Minaj,false,0,,
CJ Race Cars,true,4,Cars,
URC,false,0,,
Furtuna Skin,false,0,,
TREW Gear,false,0,,
Northwest Naturals,false,0,,
Papa & Barkley,true,1,BARK,
Rofa Design,false,0,,
Direct Stoves,false,0,,
Negative,false,0,,
Ground Up,true,4,Ground Up PDX,
Vorsteiner,false,0,,
Dr Brite,false,0,,
Templatables,false,0,,
Moon Valley Nurseries,false,0,,
Barbella Box,false,0,,
Ducati Store,false,0,,
The Pink Pigs,false,0,,
Gabby,true,8,Gabby's Dollhouse,
Intel RealSense,true,17,Intel,
Duradry,false,0,,
Polish Your Kitchen,false,0,,
JC Perreault,false,0,,
Pearl River Mart,false,0,,
Mechanic Superstore,false,0,,
Smallwoods,false,0,,
Anthea Crawford,false,0,,
Sipology,false,0,,
SportPursuit,false,0,,
Lupine,false,0,,
Alcon Lighting,false,0,,
Citizen Wolf,false,0,,
THQ Nordic,true,1,THQ Nordic,
Elixinol,false,0,,
Lilly Lashes,true,1,Lilly Lashes,
TV Liquidator,false,0,,
Tiny Rituals,true,7,Ritual,
Renee Taylor,false,0,,
Lucky in Love,false,0,,
Oberweis Dairy,false,0,,
Amsale,false,0,,
TimberTown,false,0,,
Chocolate Shoppe,false,0,,
PRYA,false,0,,
United Dumplings,false,0,,
Habit,true,5,HABIT,
Funky Food,false,0,,
COCO - The Art of Chocolate,false,0,,
Tony Ray,false,0,,
Paul Martin's,false,0,,
Savory Spice,false,0,,
Viking,true,1,Viking,
Lost & Found,false,0,,
Printing for Less,false,0,,
Commercial Industrial Supply,false,0,,
W. W. Norton & Company,false,0,,
Bat Club,false,0,,
Hondata,false,0,,
HomeCooks,false,0,,
Smart Baking Company,false,0,,
Atticus Poetry,false,0,,
Spiritleaf,false,0,,
NeoPro Cycling,false,0,,
Waldor and Co,false,0,,
HEXBUG,true,5,HEXBUG,
GoCustom,false,0,,
Organic Priced Books,false,0,,
Central Texas Harley-Davidson,false,0,,
Marc Nolan,false,0,,
FNA,false,0,,
United Sewing,false,0,,
Trade Furniture Company,false,0,,
No-Li Brewhouse,false,0,,
Mariani,true,4,Mariani,
Stroops,false,0,,
Patrick Ta,false,0,,
Articture,false,0,,
Buff City Soap,false,0,,
Emilia Wickstead,false,0,,
Moncler,false,0,,
Undercover Mama,false,0,,
Flor de Maria,false,0,,
American Racing,false,0,,
Quadratec,false,0,,
Banner World,false,0,,
ILIA,false,0,,
TCHO,false,0,,
Haus Labs,false,0,,
Advanced Dermatology,false,0,,
Beauty Bay,false,0,,
WildMint,false,0,,
Green Building Supply,false,0,,
Diamond Select,true,8,Diamond,
Season 2,false,0,,
Motion,true,24,All In Motion,
Fast Fuel,false,0,,
Fish Hippie,false,0,,
KP Pigments,false,0,,
North Coast Seafoods,false,0,,
Car Mods,false,0,,
Bound Apparel,false,0,,
Weller Tools,false,0,,
Your Game Haven,false,0,,
Eurowise,false,0,,
Proton,false,0,,
Good Feels,false,0,,
Lumas,false,0,,
Isamaya,false,0,,
What Goes Around Comes Aroundd,false,0,,
We Are One,false,0,,
Peju,false,0,,
Heli Adventures,false,0,,
Ninety Plus Coffee,false,0,,
Consumer Cellular,true,7,Consumer Cellular,
Milk + Honey,false,0,,
Brian Tooley Racing,false,0,,
Denbies,false,0,,
Neb Medical,false,0,,
Bluestone Perennials,false,0,,
Pier 1,false,0,,
Nuvita,false,0,,
Flag Nor Fail,false,0,,
Toy World,false,0,,
Babes Ride Out,false,0,,
Brooks,true,5,Brookside,
Birlea,false,0,,
Emma Mason,false,0,,
Bullet Proof Diesel,false,0,,
What A Room,false,0,,
Pistils Nursery,false,0,,
Glowbiotics,false,0,,
CXIX,false,0,,
No Cow,true,1,No Cow,
Kana,false,0,,
Not Your Mother's,true,27,Not Your Mother's,
FurnitureBox,false,0,,
Rohrer Seeds,false,0,,
Field Doctor,false,0,,
MistoBox,false,0,,
American Nautical,false,0,,
Tailored Athlete,false,0,,
Happytel,false,0,,
Brave,false,0,,
tag,false,0,,
Esska Shoes,false,0,,
Meraki,false,0,,
Lindye Galloway,false,0,,
Vidrate,false,0,,
The Travel Agency,false,0,,
EGR,false,0,,
Daye,false,0,,
SiPhox Health,false,0,,
FTD,false,0,,
The Daily Blooms,false,0,,
Optimum Sports,false,0,,
Leather Honey,false,0,,
Shoeteria,false,0,,
Filaments.ca,false,0,,
DutchCrafters,false,0,,
PingPod,false,0,,
Jammers,false,0,,
Palouse Brand,false,0,,
Giesswein,false,0,,
Go Power,false,0,,
Flatbread Company,false,0,,
The Woobles,true,7,The Woobles,
VSP,false,0,,
Anima Mundi,false,0,,
Bink,true,16,Bink,
LittleOak,false,0,,
Spring Garden,false,0,,
CorLiving,true,1,CorLiving,
CWI Medical,false,0,,
Obadiah,false,0,,
Remind Insoles,false,0,,
Girls Crew,false,0,,
American Stationery,false,0,,
Learning Space UK,false,0,,
Bindertek,false,0,,
Ford Dealer,false,0,,
Woolino,false,0,,
Brooklyn Craft Company,false,0,,
Yates,false,0,,
Liberty Sport,false,0,,
Perfect Cellar,false,0,,
Classical Academic Press,false,0,,
Starrily,false,0,,
Feltman Brothers,true,24,Brother,
Unilite,false,0,,
Sofibella Wear,false,0,,
Green Virgin,false,0,,
Stolt Running,false,0,,
Val Marie Paper,false,0,,
A Bronze Age,false,0,,
The Cheese Society,false,0,,
R44 Performance,false,0,,